References,Qty,Value,Type,Footprint,Manufacturer,MPN,DigiKey PN,DigiKey link,DigiKey stock 2026-09-29,Unit NOK (1 board),Line NOK (1 board),Alternatives,Notes
U1,1,Raspberry Pi Pico,THT module,RPi_Pico_SMD_TH,Raspberry Pi,SC0915,2648-SC0915CT-ND,https://www.digikey.no/no/products/result?keywords=2648-SC0915CT-ND,42851,43.82,43.82,"Pico H SC0917 (DK 2648-SC0917-ND, 8889; JLCPCB lib C21351132). Pico W also works.","LCSC: Pico is only in the JLCPCB assembly parts library, not the LCSC shop - buy from DigiKey or an approved Raspberry Pi reseller. Solder on 2x 1x20 male headers (from the 1x40 strip) or socket it."
U2,1,74LVC244,SMD TSSOP-20,TSSOP-20_4.4x6.5mm_P0.65mm,Texas Instruments,SN74LVC244APW,296-26609-5-ND,https://www.digikey.no/no/products/result?keywords=296-26609-5-ND,2154,11.55,11.55,"Nexperia 74LVC244APW,118 (v1.2 BOM, DK 1727-2875-1-ND, 0 in stock today).",
"U3, U4",2,SN74CB3T3257,SMD TSSOP-16,TSSOP-16_4.4x5mm_P0.65mm,Texas Instruments,SN74CB3T3257PWR,296-17850-1-ND,https://www.digikey.no/no/products/result?keywords=296-17850-1-ND,4031,19.86,39.71,,TSSOP-16. No DIP or SOIC version exists (only PW/DGV).
U5,1,74AHC14,SMD SOIC-14,SOIC-14_3.9x8.7mm_P1.27mm,Diodes Inc,74AHC14S14-13,31-74AHC14S14-13CT-ND,https://www.digikey.no/no/products/result?keywords=31-74AHC14S14-13CT-ND,3070,3.53,3.53,,"Must be 74AHC14 (higher Schmitt threshold, see v1.2 changelog)."
U6,1,74LVC00,SMD SOIC-14,SOIC-14_3.9x8.7mm_P1.27mm,Diodes Inc,74LVC00AS14-13,31-74LVC00AS14-13CT-ND,https://www.digikey.no/no/products/result?keywords=31-74LVC00AS14-13CT-ND,1816,3.63,3.63,,
U7,1,74LVC1G00,SMD SOT-23-5,SOT-23-5,Texas Instruments,SN74LVC1G00DBVR,296-9845-1-ND,https://www.digikey.no/no/products/result?keywords=296-9845-1-ND,14500,1.34,1.34,,
U8,1,APS6404L-3SQR-SN,SMD SOIC-8,SOIC-8_3.9x4.9mm_P1.27mm,AP Memory,APS6404L-3SQR-SN [Adafruit 4677 (64Mbit QSPI PSRAM)],1528-4677-ND,https://www.digikey.no/no/products/result?keywords=1528-4677-ND,4132,16.71,16.71,,SOIC-8. DigiKey does not stock the APS6404L itself; Adafruit 4677 is the DigiKey source (as in v1.2). Note: v1.2 BOM LCSC C139966 is actually a Vilsion VTI7064MSME (compatible).
U9,1,PCM5100A,SMD TSSOP-20,TSSOP-20_4.4x6.5mm_P0.65mm,Texas Instruments,PCM5100APWR,296-36705-1-ND,https://www.digikey.no/no/products/result?keywords=296-36705-1-ND,1419,25.01,25.01,"Pin-compatible PCM5102APWR (DK 296-36707-1-ND 619, LCSC C107671 6471) or PCM5101APWR.","TSSOP-20, no THT version exists."
"U10, U12",2,74LVC2G06,SMD SOT-23-6,TSOP-6_1.65x3.05mm_P0.95mm,Texas Instruments,SN74LVC2G06DBVR,296-13492-1-ND,https://www.digikey.no/no/products/result?keywords=296-13492-1-ND,25644,3.44,6.87,,Open-drain inverters. U10: IOCHRDY + MIDI out (as v1.2). U12: Waveblaster /RESET + MIDI (new).
U11,1,NE5532,SMD SOIC-8,SOIC-8_3.9x4.9mm_P1.27mm,Texas Instruments,NE5532DR,296-13622-1-ND,https://www.digikey.no/no/products/result?keywords=296-13622-1-ND,50117,4.77,4.77,,WT/PCM summing amplifier on the (filtered) ISA +/-12 V.
D1,1,B5819W,SMD SOD-123,D_SOD-123,MCC,B5819W-TP,B5819W-TPMSCT-ND,https://www.digikey.no/no/products/result?keywords=B5819W-TPMSCT-ND,38203,2.67,2.67,,
"C1, C2",2,47uF,SMD 1206,C_1206_3216Metric,TDK,C3216X5R1A476M160AB,445-6006-1-ND,https://www.digikey.no/no/products/result?keywords=445-6006-1-ND,33669,7.92,15.85,v1.2 Samsung CL31A476MPHNNNE (0 at DigiKey today).,
"C3, C4, C5, C6, C7, C8, C9, C11, C12, C13, C14, C18, C21, C25, C26, C27, C28, C29",18,0.1uF,SMD 0805,C_0805_2012Metric,Samsung,CL21B104KBCNNNC,1276-1003-1-ND,https://www.digikey.no/no/products/result?keywords=1276-1003-1-ND,4889645,0.43,7.73,,50V X7R.
C10,1,1uF,SMD 0805,C_0805_2012Metric,TDK,C2012X7R1H105K125AB,445-7547-1-ND,https://www.digikey.no/no/products/result?keywords=445-7547-1-ND,7594,2.86,2.86,,50V X7R.
"C15, C24",2,10uF,SMD 1206,C_1206_3216Metric,Samsung,CL31A106KAHNNNE,1276-1075-1-ND,https://www.digikey.no/no/products/result?keywords=1276-1075-1-ND,18634,2.10,4.20,"TDK C3216X5R1E106K160AB (DK 445-6862-1-ND, 43950).",25V X5R. 1206 because no 10uF 0805 is in stock at DigiKey today.
"C16, C17",2,2.2uF,SMD 0805,C_0805_2012Metric,TDK,C2012X7R1H225K125AC,445-5968-1-ND,https://www.digikey.no/no/products/result?keywords=445-5968-1-ND,499706,5.06,10.12,,50V X7R.
"C19, C20",2,2.2nF C0G,SMD 0805,C_0805_2012Metric,Samsung,CL21C222JBFNNNE,1276-2993-1-ND,https://www.digikey.no/no/products/result?keywords=1276-2993-1-ND,51757,1.34,2.67,,C0G/NP0 (DAC output filter).
"C30, C31",2,100pF C0G,SMD 0805,C_0805_2012Metric,Samsung,CL21C101JBANNNC,1276-1014-1-ND,https://www.digikey.no/no/products/result?keywords=1276-1014-1-ND,104603,1.05,2.10,,C0G/NP0 (op-amp feedback).
"C22, C23",2,10uF bipolar,SMD 6.3x5.4,CP_Elec_6.3x5.4,Panasonic,EEE-1EA100NP,PCE4294CT-ND,https://www.digikey.no/no/products/result?keywords=PCE4294CT-ND,6070,6.01,12.03,"Nichicon UUP1V100MCL1GS (bipolar 35V, DK 493-9559-1-ND, 3792).",WT audio coupling: NON-POLAR electrolytic (either orientation). The footprint shows a + mark only because KiCad has no non-polar SMD electrolytic footprint.
"C32, C33",2,47uF 35V,SMD 6.3x7.7,CP_Elec_6.3x7.7,Panasonic,EEE-FK1V470P,PCE3842CT-ND,https://www.digikey.no/no/products/result?keywords=PCE3842CT-ND,47922,6.20,12.41,,Op-amp +/-12 V RC filter. C33: + to GND.
"FB1, FB2, FB3",3,1k@100MHz,SMD 0805,L_0805_2012Metric,Murata,BLM21AG102SN1D,490-1041-1-ND,https://www.digikey.no/no/products/result?keywords=490-1041-1-ND,621156,1.53,4.58,,FB1/FB2: MIDI out EMI. FB3: DAC AVDD filter.
R1,1,1k,SMD 0805,R_0805_2012Metric,Yageo,RC0805FR-071KL,311-1.00KCRCT-ND,https://www.digikey.no/no/products/result?keywords=311-1.00KCRCT-ND,732526,0.95,0.95,,
"R2, R5, R6",3,15k,SMD 0805,R_0805_2012Metric,Yageo,RC0805FR-0715KL,311-15.0KCRCT-ND,https://www.digikey.no/no/products/result?keywords=311-15.0KCRCT-ND,127426,0.95,2.86,,
"R3, R4",2,220R,SMD 0805,R_0805_2012Metric,Yageo,RC0805FR-07220RL,311-220CRCT-ND,https://www.digikey.no/no/products/result?keywords=311-220CRCT-ND,420320,0.95,1.91,,
"R7, R8",2,470R 0.1% thin film,SMD 0805,R_0805_2012Metric,Yageo,RT0805BRD07470RL,YAG1904CT-ND,https://www.digikey.no/no/products/result?keywords=YAG1904CT-ND,12924,1.05,2.10,,Thin film in the audio path (lower noise and voltage coefficient than thick film).
"R10, R11, R12, R13, R19, R20",6,10k 0.1% thin film,SMD 0805,R_0805_2012Metric,Yageo,RT0805BRD0710KL,YAG1763CT-ND,https://www.digikey.no/no/products/result?keywords=YAG1763CT-ND,176155,0.95,5.73,,"Mixer input/feedback: thin film, 0.1% keeps the L/R gains matched."
"R9, R16",2,10k,SMD 0805,R_0805_2012Metric,Yageo,RC0805FR-0710KL,311-10.0KCRCT-ND,https://www.digikey.no/no/products/result?keywords=311-10.0KCRCT-ND,2120333,0.95,1.91,,
"R14, R15",2,100k,SMD 0805,R_0805_2012Metric,Yageo,RC0805FR-07100KL,311-100KCRCT-ND,https://www.digikey.no/no/products/result?keywords=311-100KCRCT-ND,1068493,1.05,2.10,,
"R21, R22",2,100R,SMD 0805,R_0805_2012Metric,Yageo,RC0805FR-07100RL,311-100CRCT-ND,https://www.digikey.no/no/products/result?keywords=311-100CRCT-ND,1562462,0.95,1.91,,
"R23, R24",2,10R,SMD 0805,R_0805_2012Metric,Yageo,RC0805FR-0710RL,311-10.0CRCT-ND,https://www.digikey.no/no/products/result?keywords=311-10.0CRCT-ND,614659,1.15,2.29,,Op-amp +/-12 V RC filter (with C32/C33).
RV1,1,10k dual log,THT,Potentiometer_Alps_RK097_Dual_Horizontal_Switch,Alps Alpine,RK09712200HA,4809-RK09712200HA-ND,https://www.digikey.no/no/products/result?keywords=4809-RK09712200HA-ND,210,45.25,45.25,"RK0971221Z0X (same pot + switch, switch unused; DK 4809-RK0971221Z0X-ND 276, LCSC C22387186 681).","9 mm dual-gang 10k LOG, right angle, shaft through the ISA bracket. LOW STOCK at both distributors and Alps NA has issued a discontinuation notice for parts of the RK097 range - check before ordering."
J1,1,2x9 header,THT,PinHeader_2x09_P2.54mm_Vertical,Amphenol,10129381-918001BLF,609-10129381-918001BLF-ND,https://www.digikey.no/no/products/result?keywords=609-10129381-918001BLF-ND,8940,11.65,11.65,,
(jumpers),4,2.54mm jumper shunt,THT,,Amphenol,68786-102LF,609-3121-ND,https://www.digikey.no/no/products/result?keywords=609-3121-ND,44095,2.29,9.16,,"3 for J1 (IRQ, DRQ, DACK), 1 for J7 (only for USB host devices)."
"J6, J7",2,1x40 breakaway header,THT,PinHeader_1x02_P2.54mm_Vertical,Sullins,PREC040SAAN-RC,S1012EC-40-ND,https://www.digikey.no/no/products/result?keywords=S1012EC-40-ND,26032,4.68,9.36,,"Cut 2x 1x20 for the Pico if it is not soldered directly (castellated), and 2x 1x2 for J6/J7."
J5,1,SJ1-3535NG (black),THT,Jack_3.5mm_CUI_SJ1-3535NG_Horizontal,Same Sky (CUI),SJ1-3535NG,CP1-3535NG-ND,https://www.digikey.no/no/products/result?keywords=CP1-3535NG-ND,27525,15.46,15.46,Genuine CUI at LCSC C4991610 (56). The green C692438 (4990) also works - colour is cosmetic.,XKB PJ-325C5: TN pin sits ~0.4 mm further out (unused here) - clip it if it does not fit. Do NOT use C2910528 (different pinout; it is in the v1.2 JLCPCB project).
J8,1,SJ1-3535NG-GR (green),THT,Jack_3.5mm_CUI_SJ1-3535NG_Horizontal,Same Sky (CUI),SJ1-3535NG-GR,CP1-3535NG-GR-ND,https://www.digikey.no/no/products/result?keywords=CP1-3535NG-GR-ND,6323,16.99,16.99,,See J5 note about the TN pin.
J9,1,Waveblaster 2x13 male,THT,Wavetable,Sullins,PEC13DAAN,35-PEC13DAAN-ND,https://www.digikey.no/no/products/result?keywords=35-PEC13DAAN-ND,439,12.79,12.79,,Unshrouded 2x13 male pin header; the daughterboard has the female socket.
(DB-standoff),1,M3 x 11 mm F-F standoff,Hardware,,Wurth,970110321,732-10550-ND,https://www.digikey.no/no/products/result?keywords=732-10550-ND,23866,3.05,3.05,,Supports the far corner of the daughterboard (J9 footprint hole).
(DB-screws),2,M3 x 6 mm pan head screw,Hardware,,Keystone,29311,36-29311-ND,https://www.digikey.no/no/products/result?keywords=36-29311-ND,14850,4.49,8.97,,
J3,0,Bus_ISA_8bit,not fitted,BUS_PC_chamfer,,,,,,,,,"ISA card edge (PCB gold fingers, order with chamfered/bevelled edge)"
H1,0,MountingHole_3.2mm_M3_Pad,not fitted,MountingHole_3.2mm_M3_Pad,,,,,,,,,Bracket mounting hole
H2,0,MountingHole_3.2mm_M3_Pad,not fitted,MountingHole_3.2mm_M3_Pad,,,,,,,,,Bracket mounting hole
