Quantity,Digi-Key Part Number,Manufacturer Part Number,Customer Reference
1,2648-SC0915CT-ND,SC0915,U1
1,296-26609-5-ND,SN74LVC244APW,U2
2,296-17850-1-ND,SN74CB3T3257PWR,"U3,U4"
1,31-74AHC14S14-13CT-ND,74AHC14S14-13,U5
1,31-74LVC00AS14-13CT-ND,74LVC00AS14-13,U6
1,296-9845-1-ND,SN74LVC1G00DBVR,U7
1,1528-4677-ND,APS6404L-3SQR-SN,U8
1,296-36705-1-ND,PCM5100APWR,U9
2,296-13492-1-ND,SN74LVC2G06DBVR,"U10,U12"
1,296-13622-1-ND,NE5532DR,U11
1,5399-B5819WCT-ND,B5819W,D1
2,445-6006-1-ND,C3216X5R1A476M160AB,"C1,C2"
18,1276-1003-1-ND,CL21B104KBCNNNC,"C3-C9,C11-C14,C18,C21,C25-C29"
1,445-7547-1-ND,C2012X7R1H105K125AB,C10
2,1276-1075-1-ND,CL31A106KAHNNNE,"C15,C24"
2,445-5968-1-ND,C2012X7R1H225K125AC,"C16,C17"
2,1276-2993-1-ND,CL21C222JBFNNNE,"C19,C20"
2,1276-6521-1-ND,CL21C470JC61PNC,"C30,C31"
2,PCE4294CT-ND,EEE-1EA100NP,"C22,C23"
2,PCE3842CT-ND,EEE-FK1V470P,"C32,C33"
3,490-1041-1-ND,BLM21AG102SN1D,FB1-FB3
1,311-1.00KCRCT-ND,RC0805FR-071KL,R1
3,311-15.0KCRCT-ND,RC0805FR-0715KL,"R2,R5,R6"
2,311-220CRCT-ND,RC0805FR-07220RL,"R3,R4"
2,YAG1904CT-ND,RT0805BRD07470RL,"R7,R8"
2,YAG1763CT-ND,RT0805BRD0710KL,"R12,R13"
4,YAG1823CT-ND,RT0805BRD0720KL,"R10,R11,R19,R20"
2,311-10.0KCRCT-ND,RC0805FR-0710KL,"R9,R16"
2,311-100KCRCT-ND,RC0805FR-07100KL,"R14,R15"
2,311-100CRCT-ND,RC0805FR-07100RL,"R21,R22"
2,311-10.0CRCT-ND,RC0805FR-0710RL,"R23,R24"
1,PTD902-2020K-A103-ND,PTD902-2020K-A103,RV1
1,609-10129381-918001BLF-ND,10129381-918001BLF,J1
4,952-2881-ND,M7582-05,jumper shunts J1 J7
2,S1012EC-40-ND,PREC040SAAN-RC,"J6,J7,U1 pins"
1,CP1-3535NG-ND,SJ1-3535NG,J5
1,CP1-3535NG-GR-ND,SJ1-3535NG-GR,J8
1,35-PEC13DAAN-ND,PEC13DAAN,J9
1,732-10550-ND,970110321,WT daughterboard standoff
2,36-29311-ND,29311,WT daughterboard screws
