References,Qty,Value,Type,Footprint,Manufacturer,MPN (DigiKey line),DigiKey PN,DigiKey stock 2026-09-28,LCSC PN [MPN if different],LCSC stock 2026-09-28,Alternatives,Notes
U1,1,Raspberry Pi Pico,THT module,RPi_Pico_SMD_TH,Raspberry Pi,SC0915,2648-SC0915CT-ND,42851,C7203002,n/a (JLCPCB library only),"Pico H SC0917 (DK 2648-SC0917-ND, 8889; JLCPCB lib C21351132). Pico W also works.","LCSC: Pico is only in the JLCPCB assembly parts library, not the LCSC shop - buy from DigiKey or an approved Raspberry Pi reseller. Solder on 2x 1x20 male headers (from the 1x40 strip) or socket it."
(U1-socket),2,1x20 female header x2,THT (optional),,Sullins,PPTC201LFBN-RC,S7018-ND,16735,C2897383 [HCTL PM254-1-20-Z-8.5],4775,,Only if you want the Pico socketed.
U2,1,74AHC244,THT DIP-20 | SMD alt,DIP-20_W7.62mm_TSSOP-20_Hybrid,Texas Instruments,SN74AHC244N,296-4585-5-ND,982,"C7668 [SN74LVC244APWR (TSSOP-20, fits the pads beside the DIP)]",100250,DIP also as Rochester 2156-SN74AHC244N-ND (9380). TSSOP at DigiKey: SN74AHC244PWR 296-1097-1-ND (19811). LCSC DIP SN74AHC244N C1548228 has 0 stock.,"3V3 supply, inputs must be 5V tolerant: AHC or LVC only (never HC/HCT)."
"U3, U4",2,SN74CB3T3257,SMD only,TSSOP-16_4.4x5mm_P0.65mm,Texas Instruments,SN74CB3T3257PWR,296-17850-1-ND,4031,C544573,6022,,TSSOP-16. No DIP or SOIC version exists (only PW/DGV).
U5,1,74AHC14,THT DIP-14 | SMD alt,DIP-14_W7.62mm_TSSOP-14_Hybrid,Texas Instruments,SN74AHC14N,296-4550-5-ND,6716,"C7460 [SN74AHC14PWR (TSSOP-14, fits inside the DIP)]",3495,"LCSC 74AHC14PW,118 C138310 (4075); DigiKey TSSOP 74AHC14PW,118 1727-3988-1-ND (2565).","Must be 74AHC14 (higher Schmitt threshold, see v1.2 changelog), not LVC/HC."
"U6, U7",2,74AHC00,THT DIP-14 | SMD alt,DIP-14_W7.62mm_TSSOP-14_Hybrid,Texas Instruments,SN74AHC00N,296-4510-5-ND,1979,"C7803 [SN74LVC00APWR (TSSOP-14, fits inside the DIP)]",32060,"DIP also as Rochester 2156-SN74AHC00N-ND (21358). DigiKey TSSOP SN74LVC00APWR 296-1216-1-ND (1292) or 74LVC00APW,118 1727-3086-1-ND.","3V3 supply, 5V-tolerant inputs: AHC or LVC only."
U8,1,APS6404L-3SQR-SN,SMD only,SOIC-8_3.9x4.9mm_P1.27mm,AP Memory,APS6404L-3SQR-SN,1528-4677-ND [Adafruit 4677 (64Mbit QSPI PSRAM)],4132,C5333729,4772,,SOIC-8. DigiKey does not stock the APS6404L itself; Adafruit 4677 is the DigiKey source (as in v1.2). Note: v1.2 BOM LCSC C139966 is actually a Vilsion VTI7064MSME (compatible).
U9,1,PCM5100A,SMD only,TSSOP-20_4.4x6.5mm_P0.65mm,Texas Instruments,PCM5100APWR,296-36705-1-ND,1419,C131154,2156,"Pin-compatible PCM5102APWR (DK 296-36707-1-ND 619, LCSC C107671 6471) or PCM5101APWR.","TSSOP-20, no THT version exists."
U10,1,74AHCT126,THT DIP-14 | SMD alt,DIP-14_W7.62mm_TSSOP-14_Hybrid,Texas Instruments,SN74AHCT126N,296-4659-5-ND,995,"C155177 [SN74AHCT126PWR (TSSOP-14, fits inside the DIP)]",1490,"DIP also as Rochester 2156-SN74AHCT126N-ND (58265). DigiKey TSSOP SN74AHCT126PWR 296-4660-1-ND (12850). LCSC 74AHCT126PW,118 C554511 (245).","+5V supply with 3V3 inputs: must be AHCT (inputs tolerate voltage above VCC, so nothing back-powers the 5V rail when the card runs from USB only). Do NOT use HCT/HC/LVC."
(DIP14-socket),4,DIP-14 socket,THT (optional),,TE Connectivity,1-2199298-3,A120348-ND,31813,C3034942,6392,,Optional. Sockets add ~4 mm height under the Waveblaster daughterboard - check clearance.
(DIP20-socket),1,DIP-20 socket,THT (optional),,TE Connectivity,1-2199298-6,A120351-ND,7072,C2328 [BOOMELE IC-20P],6132,,Optional.
D1,1,1N5819,THT,D_DO-41_SOD81_P10.16mm_Horizontal,onsemi,1N5819RLG,1N5819RLGOSCT-ND,31215,C88393,7130,"1N5817-T (DK 1N5817DICT-ND, LCSC C507852).",
"R3, R4",2,220R,THT | SMD alt,R_Axial_DIN0207_P10.16mm_0805_Hybrid,Stackpole,RNMF14FTC220R,S220CACT-ND,11561,C3537012 [Yageo MFR-25FBF52-220R],26540,"0805 SMD (fits between the holes): Yageo RC0805FR-07220RL (DK 311-220CRCT-ND, 420320), UNI-ROYAL 0805W8F (LCSC C17557, 569300).",
"R7, R8",2,470R,THT | SMD alt,R_Axial_DIN0207_P10.16mm_0805_Hybrid,Stackpole,RNMF14FTC470R,S470CACT-ND,11554,C58592 [UNI-ROYAL MFR0W4F4700A50],8250,"0805 SMD (fits between the holes): Yageo RC0805FR-07470RL (DK 311-470CRCT-ND, 109044), UNI-ROYAL 0805W8F (LCSC C17710, 2072700).",
R1,1,1k,THT | SMD alt,R_Axial_DIN0207_P10.16mm_0805_Hybrid,Yageo,MFR-25FBF52-1K,1.00KXBK-ND,82574,C57435 [UNI-ROYAL MFR0W4F1001A50],146700,"0805 SMD (fits between the holes): Yageo RC0805FR-071KL (DK 311-1.00KCRCT-ND, 732526), UNI-ROYAL 0805W8F (LCSC C17513, 26812400).",
"R9, R10, R11, R12, R13, R16, R17, R19, R20",9,10k,THT | SMD alt,R_Axial_DIN0207_P10.16mm_0805_Hybrid,Yageo,MFR-25FBF52-10K,10.0KXBK-ND,105899,C1519255,18900,"0805 SMD (fits between the holes): Yageo RC0805FR-0710KL (DK 311-10.0KCRCT-ND, 2120333), UNI-ROYAL 0805W8F (LCSC C17414, 43352900).",
"R2, R5, R6",3,15k,THT | SMD alt,R_Axial_DIN0207_P10.16mm_0805_Hybrid,Yageo,MFR-25FBF52-15K,15.0KXBK-ND,26166,C3556390,5100,"0805 SMD (fits between the holes): Yageo RC0805FR-0715KL (DK 311-15.0KCRCT-ND, 127426), UNI-ROYAL 0805W8F (LCSC C17475, 524100).",
"C3, C4, C5, C6, C7, C8, C9, C11, C12, C13, C14, C18, C21, C25, C26, C27, C28, C29",18,0.1uF,THT | SMD alt,C_Disc_D5.0mm_W2.5mm_P5.00mm_0805_Hybrid,Murata,RDER71H104K0M1H03A,490-9144-1-ND,1302,C527620,9695,"0805 SMD (fits between the holes): Samsung CL21B104KBCNNNC (DK 1276-1003-1-ND, 4889645; LCSC C1711, 1029920).","50V X7R radial, 5.0 mm pitch. DigiKey bulk 490-9144-3-ND (14000)."
C10,1,1uF,THT | SMD alt,C_Disc_D5.0mm_W2.5mm_P5.00mm_0805_Hybrid,Murata,RDER71H105K2M1H03A,490-9146-1-ND,1279,C1620132,8520,"0805 SMD: Yageo CC0805KKX7R9BB105 (DK 311-1886-1-ND, 82107; LCSC C91185, 809080).","50V X7R radial, 5.0 mm pitch."
"C16, C17",2,2.2uF,THT | SMD alt,C_Disc_D5.0mm_W2.5mm_P5.00mm_0805_Hybrid,TDK,FG24X7R1H225KRT06,445-173378-1-ND,658,C1623182,1500,"0805 SMD: Samsung CL21A225KAFNNNE 25V X5R (DK 1276-1763-1-ND, 83806; LCSC C87994, 38740).","50V X7R radial, 5.0 mm pitch (FG14... is the 2.5 mm version and does NOT fit)."
"C15, C24",2,10uF,THT | SMD alt,C_Disc_D5.0mm_W2.5mm_P5.00mm_0805_Hybrid,Murata,RCER71H106MWM1H03A,490-7518-1-ND,1740,C3690252,1378,"0805 SMD 25V X5R: Taiyo Yuden EMK212BJ106KG-T (DK 587-1295-1-ND, 1864) or Samsung CL21A106KAYNNNE (LCSC C15850, 878060).","50V X7R radial MLCC, 5 mm pitch (low profile: C24 sits under the daughterboard)."
"C19, C20",2,2.2nF C0G,THT | SMD alt,C_Disc_D5.0mm_W2.5mm_P5.00mm_0805_Hybrid,TDK,FG28C0G1H222JNT06,445-173487-1-ND,1649,C22391154 [Dersonic CD1H222JC9PECHD000 (5.08 mm pitch)],1560,"THT: Vishay K222J15C0GF5TH5 (DK BC1050CT-ND, 1744). 0805 SMD: Yageo CC0805JRNPO9BN222 (DK 311-1103-1-ND, 126390) / CC0805JKNPO9BN222 (LCSC C107103, 165360).","C0G, 5.0 mm pitch."
"C1, C2",2,47uF,THT,CP_Radial_D5.0mm_P2.00mm,Rubycon,35YXJ47M5X11,1189-2919-ND,2049,C88761,177540,,"5x11 mm, 2.0 mm pitch. Any 47uF >=10V electrolytic with 2 mm pitch works."
"C22, C23",2,10uF,THT,CP_Radial_D5.0mm_P2.00mm,Rubycon,50YXJ10M5X11,1189-2322-ND,104044,C432355,36620,,"WT audio coupling caps, + towards the Waveblaster header."
"FB1, FB2",2,1k@100MHz,SMD in THT footprint,FerriteBead_Axial_P10.16mm_0805_Hybrid,Murata,BLM21AG102SN1D,490-1041-1-ND,621156,C85835,46420,,0805 bead (as v1.2) fits between the 10.16 mm holes. A small axial bead/bead-on-lead or a wire link can be used instead. No compact THT bead is stocked at both distributors.
RV1,1,10k dual log,THT,Potentiometer_Alps_RK097_Dual_Horizontal_Switch,Alps Alpine,RK09712200HA,4809-RK09712200HA-ND,210,C470545,175,"RK0971221Z0X (same pot + switch, switch unused; DK 4809-RK0971221Z0X-ND 276, LCSC C22387186 681).","9 mm dual-gang 10k LOG, right angle, shaft through the ISA bracket. LOW STOCK at both distributors and Alps NA has issued a discontinuation notice for parts of the RK097 range - check before ordering."
J1,1,2x9 header,THT,PinHeader_2x09_P2.54mm_Vertical,Amphenol,10129381-918001BLF,609-10129381-918001BLF-ND,8940,C492426 [XFCN PZ254V-12-18P],8020,,
(jumpers),4,2.54mm jumper shunt,THT,,Amphenol,68786-102LF,609-3121-ND,44095,C168674,28440,,"3 for J1 (IRQ, DRQ, DACK), 1 for J7 (only for USB host devices)."
"J6, J7",2,1x40 breakaway header,THT,PinHeader_1x02_P2.54mm_Vertical,Sullins,PREC040SAAN-RC,S1012EC-40-ND,26032,C2337 [BOOMELE 2.54-1*40P],87885,,Cut 2x 1x20 for the Pico (skip if using a Pico H) and 2x 1x2 for J6/J7.
J5,1,SJ1-3535NG (black),THT,Jack_3.5mm_CUI_SJ1-3535NG_Horizontal,Same Sky (CUI),SJ1-3535NG,CP1-3535NG-ND,27525,C2884945 [XKB PJ-325C5-B],115,Genuine CUI at LCSC C4991610 (56). The green C692438 (4990) also works - colour is cosmetic.,XKB PJ-325C5: TN pin sits ~0.4 mm further out (unused here) - clip it if it does not fit. Do NOT use C2910528 (different pinout; it is in the v1.2 JLCPCB project).
J8,1,SJ1-3535NG-GR (green),THT,Jack_3.5mm_CUI_SJ1-3535NG_Horizontal,Same Sky (CUI),SJ1-3535NG-GR,CP1-3535NG-GR-ND,6323,C692438 [XKB PJ-325C5-G],4990,,See J5 note about the TN pin.
J9,1,Waveblaster 2x13 male,THT,Wavetable,Sullins,PEC13DAAN,35-PEC13DAAN-ND,439,C2894974 [HCTL PZ254-2-13-Z-8.5],3945,,Unshrouded 2x13 male pin header; the daughterboard has the female socket.
(DB-standoff),1,M3 x 11 mm F-F standoff,Hardware,,Wurth,970110321,732-10550-ND,23866,C551331 [Shuntian M3*11],5000,,Supports the far corner of the daughterboard (J9 footprint hole).
(DB-screws),2,M3 x 6 mm pan head screw,Hardware,,Keystone,29311,36-29311-ND,14850,C357543 [Shuntian PM3X6],29900,,
U11,1,NE5532,THT DIP-8,DIP-8_W7.62mm,Texas Instruments,NE5532P,296-1410-5-ND,12687,C5326,6175,"NE5532AP (DK 296-7040-5-ND, LCSC C353150). Other unity-gain-stable dual audio op-amps on +/-12 V work (e.g. TL072CP: LCSC C7236, DigiKey stock 0 today).","WT/PCM summing amplifier, powered from ISA +/-12 V. A DIP-8 socket is fine here (outside the DB area)."
"R14, R15, R18",3,100k,THT | SMD alt,R_Axial_DIN0207_P10.16mm_0805_Hybrid,Yageo,MFR-25FBF52-100K,100KXBK-ND,41215,C1364475,11650,"0805 SMD (fits between the holes): Yageo RC0805FR-07100KL (DK 311-100KCRCT-ND, 1068493), UNI-ROYAL 0805W8F (LCSC C149504, 3119100).",
"R21, R22",2,100R,THT | SMD alt,R_Axial_DIN0207_P10.16mm_0805_Hybrid,Yageo,MFR-25FBF52-100R,100XBK-ND,79374,C6300650,9300,"0805 SMD (fits between the holes): Yageo RC0805FR-07100RL (DK 311-100CRCT-ND, 1562462), UNI-ROYAL 0805W8F (LCSC C17408, 7823800).",
"C30, C31",2,100pF C0G,THT | SMD alt,C_Disc_D5.0mm_W2.5mm_P5.00mm_0805_Hybrid,Vishay,K101J15C0GF5TH5,BC1042CT-ND,1259,C400081 [TORCH CC4-0805-CG-100V-100PF-J (5.08 mm pitch)],2570,"THT: TDK FG28C0G1H101JNT06 (DK 445-173472-1-ND). 0805 SMD: Samsung CL21C101JBANNNC (DK 1276-1014-1-ND, 104603; LCSC C1790, 186200).","C0G, 5.0 mm (Vishay) or 5.08 mm (TORCH) pitch."
J3,0,Bus_ISA_8bit,not fitted,BUS_PC_chamfer,,,,,,,,"ISA card edge (PCB gold fingers, order with chamfered/bevelled edge)"
H1,0,MountingHole_3.2mm_M3_Pad,not fitted,MountingHole_3.2mm_M3_Pad,,,,,,,,Bracket mounting hole
H2,0,MountingHole_3.2mm_M3_Pad,not fitted,MountingHole_3.2mm_M3_Pad,,,,,,,,Bracket mounting hole
