References,Qty,Value,Type,Footprint,Manufacturer,MPN,DigiKey PN,DigiKey link,DigiKey stock,Unit NOK (1 board),Line NOK (1 board),Alternatives,Notes
U1,1,Raspberry Pi Pico W,module (solder flat),RPi_PicoW_SMD_TH_USB,Raspberry Pi,SC0918,2648-SC0918CT-ND,https://www.digikey.no/no/products/result?keywords=2648-SC0918CT-ND,6986,72.90,72.90,Pico 2 W does NOT work (the NE2000 firmware is RP2040-only). Pico WH (pre-soldered headers) cannot be soldered flat.,Pico W (RP2040 + CYW43439 WiFi). Solder it FLAT (castellated edge or pins cut flush) so TP1-TP3 (USB) can be soldered from the back. Antenna end toward the bracket.
U2,1,74LVC244,SMD TSSOP-20,TSSOP-20_4.4x6.5mm_P0.65mm,Texas Instruments,SN74LVC244APW,296-26609-5-ND,https://www.digikey.no/no/products/result?keywords=296-26609-5-ND,2154,11.61,11.61,"Nexperia 74LVC244APW,118 (v1.2 BOM, DK 1727-2875-1-ND, 0 in stock today).","Octal buffer, 3V3, 5V-tolerant inputs"
"U3, U4",2,SN74CB3T3257,SMD TSSOP-16,TSSOP-16_4.4x5mm_P0.65mm,Texas Instruments,SN74CB3T3257PWR,296-17850-1-ND,https://www.digikey.no/no/products/result?keywords=296-17850-1-ND,4031,19.96,39.92,,TSSOP-16. No DIP or SOIC version exists (only PW/DGV).
U5,1,74AHC14,SMD SOIC-14,SOIC-14_3.9x8.7mm_P1.27mm,Diodes Inc,74AHC14S14-13,31-74AHC14S14-13CT-ND,https://www.digikey.no/no/products/result?keywords=31-74AHC14S14-13CT-ND,3070,3.55,3.55,,"Must be 74AHC14 (higher Schmitt threshold, see v1.2 changelog)."
U6,1,74LVC00,SMD SOIC-14,SOIC-14_3.9x8.7mm_P1.27mm,Diodes Inc,74LVC00AS14-13,31-74LVC00AS14-13CT-ND,https://www.digikey.no/no/products/result?keywords=31-74LVC00AS14-13CT-ND,1816,3.65,3.65,,"Quad NAND, 3V3"
U7,1,74LVC1G00,SMD SOT-23-5,SOT-23-5,Texas Instruments,SN74LVC1G00DBVR,296-9845-1-ND,https://www.digikey.no/no/products/result?keywords=296-9845-1-ND,14500,1.34,1.34,,"Quad NAND, 3V3"
U8,1,APS6404L-3SQR-SN,SMD SOIC-8,SOIC-8_3.9x4.9mm_P1.27mm,AP Memory,APS6404L-3SQR-SN,1528-4677-ND,https://www.digikey.no/no/products/result?keywords=1528-4677-ND,4132,16.80,16.80,,SOIC-8. DigiKey does not stock the APS6404L itself; Adafruit 4677 is the DigiKey source (as in v1.2). Note: v1.2 BOM LCS
U10,1,74LVC2G06,SMD TSOP-6,TSOP-6_1.65x3.05mm_P0.95mm,Texas Instruments,SN74LVC2G06DBVR,296-13492-1-ND,https://www.digikey.no/no/products/result?keywords=296-13492-1-ND,25644,3.46,3.46,,"Open-drain inverters. U10A: IOCHRDY. U10B: unused (input driven by U5A, output open)."
U13,1,SST39SF010A,SMD PLCC-32,PLCC-32_11.4x14.0mm_P1.27mm,Microchip,SST39SF010A-70-4C-NHE,SST39SF010A-70-4C-NHE-ND,https://www.digikey.no/no/products/result?keywords=SST39SF010A-70-4C-NHE-ND,4137,18.87,18.87,,"Boot ROM: 128 KB 5 V flash = 4 banks of 32 KB, in-system writable from DOS (J2 fitted)"
U14,1,74HCT688,SMD SOIC-20W,SOIC-20W_7.5x12.8mm_P1.27mm,Texas Instruments,CD74HCT688M96,296-24357-1-ND,https://www.digikey.no/no/products/result?keywords=296-24357-1-ND,9672,7.43,7.43,,"Boot ROM address decoder (SA15-SA19 vs Pico-set base, enable)"
U15,1,74AHCT245,SMD TSSOP-20,TSSOP-20_4.4x6.5mm_P0.65mm,Texas Instruments,SN74AHCT245PWR,296-1118-1-ND,https://www.digikey.no/no/products/result?keywords=296-1118-1-ND,17137,7.72,7.72,,Boot ROM data buffer onto the ISA bus
U16,1,74AHCT1G08,SMD SOT-23-5,SOT-23-5,Texas Instruments,SN74AHCT1G08DBVR,296-1113-1-ND,https://www.digikey.no/no/products/result?keywords=296-1113-1-ND,66802,1.52,1.52,,~MEMSTB = ~SMEMR AND ~SMEMW (low during any memory cycle)
U17,1,USBLC6-2SC6,SMD SOT-23-6,SOT-23-6,STMicroelectronics,USBLC6-2SC6,497-5235-1-ND,https://www.digikey.no/no/products/result?keywords=497-5235-1-ND,144111,5.15,5.15,,USB ESD protection
D1,1,B5819W,SMD SOD-123,D_SOD-123,Slkor,B5819W,5399-B5819WCT-ND,https://www.digikey.no/no/products/result?keywords=5399-B5819WCT-ND,67294,2.69,2.69,,"1A 40V Schottky, DO-41"
F1,1,500mA PTC,SMD 1206,Fuse_1206_3216Metric,Bourns,MF-NSMF050-2,MF-NSMF050-2CT-ND,https://www.digikey.no/no/products/result?keywords=MF-NSMF050-2CT-ND,30039,3.81,3.81,,"USB VBUS polyfuse, 0.5 A hold"
"C1, C2",2,47uF,SMD 1206,C_1206_3216Metric,TDK,C3216X5R1A476M160AB,445-6006-1-ND,https://www.digikey.no/no/products/result?keywords=445-6006-1-ND,33669,7.97,15.94,v1.2 Samsung CL31A476MPHNNNE (0 at DigiKey today).,"47uF 35V aluminium electrolytic, 5mm dia, 2mm pitch"
"C3, C4, C5, C6, C7, C8, C9, C11, C12, C13, C14, C15, C17",13,0.1uF,SMD 0805,C_0805_2012Metric,Samsung,CL21B104KBCNNNC,1276-1003-1-ND,https://www.digikey.no/no/products/result?keywords=1276-1003-1-ND,4889645,0.43,5.59,,50V X7R.
C10,1,1uF,SMD 0805,C_0805_2012Metric,TDK,C2012X7R1H105K125AB,445-7547-1-ND,https://www.digikey.no/no/products/result?keywords=445-7547-1-ND,7594,2.88,2.88,,50V X7R.
C16,1,10uF,SMD 1206,C_1206_3216Metric,Samsung,CL31A106KAHNNNE,1276-1075-1-ND,https://www.digikey.no/no/products/result?keywords=1276-1075-1-ND,18634,2.11,2.11,"TDK C3216X5R1E106K160AB (DK 445-6862-1-ND, 43950).",USB VBUS bulk. 25V X5R. 1206 because no 10uF 0805 is in stock at DigiKey today.
R1,1,1k,SMD 0805,R_0805_2012Metric,Yageo,RC0805FR-071KL,311-1.00KCRCT-ND,https://www.digikey.no/no/products/result?keywords=311-1.00KCRCT-ND,732526,0.96,0.96,,1k 1/4W 1% metal film
"R2, R5, R6",3,15k,SMD 0805,R_0805_2012Metric,Yageo,RC0805FR-0715KL,311-15.0KCRCT-ND,https://www.digikey.no/no/products/result?keywords=311-15.0KCRCT-ND,127426,0.96,2.88,,15k 1/4W 1% metal film
"R3, R4",2,10k,SMD 0805,R_0805_2012Metric,Yageo,RC0805FR-0710KL,311-10.0KCRCT-ND,https://www.digikey.no/no/products/result?keywords=311-10.0KCRCT-ND,2120333,0.96,1.92,,10k 1/4W 1% metal film
J1,1,2x5 header,THT,PinHeader_2x05_P2.54mm_Vertical,Amphenol,10129381-910001BLF,10129381-910001BLF-ND,https://www.digikey.no/no/products/result?keywords=10129381-910001BLF-ND,8685,6.96,6.96,,"IRQ select: one jumper (IRQ 2/9, 3, 4, 5 or 7)"
"J2, J6",2,1x2 header,THT,PinHeader_1x02_P2.54mm_Vertical,Amphenol,77311-118-02LF,609-4434-ND,https://www.digikey.no/no/products/result?keywords=609-4434-ND,56935,1.72,3.43,,J2: boot ROM write enable (fit the jumper only while flashing). J6: debug UART TX + GND. 30 uin gold.
J5,1,USB-A,THT,USB_A_Molex_67643_Horizontal,Molex,0676432910,WM11258-ND,https://www.digikey.no/no/products/result?keywords=WM11258-ND,894,18.20,18.20,"Wurth 614004134726 (DK 732-2731-ND, different footprint).","USB host port (mouse/joystick/storage), at the bracket below the antenna"
(jumpers),2,2.54mm jumper shunt,THT,,Harwin,M7582-05,952-2881-ND,https://www.digikey.no/no/products/result?keywords=952-2881-ND,,1.52,3.04,Blue: Harwin M7583-05 (DK 952-2882-ND). Red: Harwin M7581-05 (DK 952-2169-ND). Same open-top 2.54 mm shunt.,"One for J1 (IRQ), one for J2 (boot-ROM write enable: fit only while flashing the ROM)."
J3,0,,not fitted,,,,,,,,,,"ISA card edge (PCB gold fingers, order with chamfered/bevelled edge)"
H1,0,,not fitted,,,,,,,,,,Bracket mounting hole
H2,0,,not fitted,,,,,,,,,,Bracket mounting hole
